Married,BusinessTravel,Department,Gender,JobInvolvement,JobRole,Salary Hike
Yes,Travel_Rarely,Sales,Female,High,Sales Executive,Yes
No,Travel_Frequently,Research & Development,X,Medium,X,No
Yes,?,X,Male,Medium,Laboratory Technician,Yes
X,Travel_Frequently,Research & Development,Female,X,Research Scientist,No
No,Travel_Rarely,?,Male,High,Laboratory Technician,Yes
No,Travel_Frequently,Research & Development,Male,High,?,Yes
?,Travel_Rarely,Research & Development,Female,Very High,Laboratory Technician,No
No,X,Research & Development,Male,High,Laboratory Technician,X
No,Travel_Frequently,Research & Development,Male,Medium,Manufacturing Director,Yes
No,Travel_Rarely,Research & Development,Male,High,Healthcare Representative,No
No,Travel_Rarely,X,Male,Very High,Laboratory Technician,Yes
No,Travel_Rarely,?,Female,Medium,Laboratory Technician,No
X,Travel_Rarely,Research & Development,X,High,X,Yes
No,Travel_Rarely,Research & Development,X,X,Laboratory Technician,No
Yes,Travel_Rarely,Research & Development,Male,X,Laboratory Technician,No
No,Travel_Rarely,Research & Development,Female,Very High,Manufacturing Director,No
No,X,Research & Development,Male,Very High,?,Yes
No,Non-Travel,Research & Development,Male,Very High,Laboratory Technician,X
No,Travel_Rarely,Sales,Female,Medium,Manager,Yes
No,?,Research & Development,Male,High,Research Scientist,No
No,Non-Travel,Research & Development,Female,Very High,?,?
Yes,Travel_Rarely,X,Male,?,Sales Representative,Yes
No,X,Research & Development,Female,High,Research Director,No
No,Travel_Rarely,Research & Development,Male,High,Research Scientist,Yes
Yes,Travel_Rarely,?,Male,High,X,No
No,Travel_Rarely,Research & Development,Female,High,Manager,Yes
Yes,Travel_Frequently,Research & Development,Female,Low,Research Scientist,No
X,Travel_Rarely,Sales,Male,High,Sales Executive,X
No,Travel_Rarely,X,Female,Medium,Healthcare Representative,No
No,Travel_Rarely,Sales,X,High,Manager,?
No,?,Research & Development,X,High,Laboratory Technician,No
No,Travel_Rarely,Research & Development,Male,High,X,No
No,Travel_Rarely,Research & Development,Male,Medium,Laboratory Technician,No
Yes,X,Sales,Male,High,Sales Representative,X
Yes,Travel_Rarely,X,Male,X,Research Scientist,Yes
No,Travel_Rarely,Research & Development,Female,Very High,Research Scientist,Yes
Yes,Travel_Rarely,Sales,Male,Medium,Sales Representative,X
